case_id,p0,p1,Y,Y_hat
C3L-00017,0.3537291,0.6462709,1,0.5
C3L-00102,0.43884003,0.56115997,1,0.5
C3L-00189,0.38548937,0.61451066,1,1.0
C3L-00277,0.0695975,0.9304026,1,1.0
C3L-00401,0.13322568,0.8667744,1,1.0
C3L-00589,0.25273407,0.74726593,1,1.0
C3L-00598,0.0728256,0.9271744,1,1.0
C3L-00599,0.12373899,0.87626094,0,1.0
C3L-00622,0.3539664,0.6460336,1,0.5
C3L-00625,0.09697224,0.9030277,1,1.0
C3L-00640,0.49423298,0.5057671,1,0.5
C3L-00819,0.49780026,0.50219977,1,0.5
C3L-00928,0.077363625,0.9226364,1,1.0
C3L-01031,0.16691434,0.8330857,1,1.0
C3L-01036,0.22268839,0.7773116,1,1.0
C3L-01051,0.12464992,0.8753501,1,1.0
C3L-01052,0.8530526,0.14694731,0,0.0
C3L-01053,0.73009646,0.2699035,0,0.0
C3L-01054,0.422189,0.577811,0,1.0
C3L-01124,0.11215262,0.8878474,1,1.0
C3L-01598,0.11751977,0.88248026,1,1.0
C3L-01637,0.5171638,0.4828362,1,0.5
C3L-01662,0.112301365,0.88769865,1,1.0
C3L-01687,0.13303716,0.8669629,1,1.0
C3L-01689,0.27509987,0.7249001,1,1.0
C3L-01703,0.66869026,0.33130968,1,0.5
C3L-02109,0.1286597,0.8713403,1,1.0
C3L-02112,0.66709983,0.33290017,0,0.0
C3L-02115,0.7390371,0.2609629,1,0.0
C3L-02116,0.3161964,0.6838036,1,1.0
C3L-02118,0.073287,0.9267129,1,1.0
C3L-02604,0.116616465,0.88338345,1,1.0
C3L-02606,0.46657354,0.5334264,1,0.5
C3L-02610,0.44262052,0.5573795,1,0.5
C3L-02613,0.2292765,0.7707236,1,1.0
C3L-02701,0.076057345,0.9239427,1,1.0
C3L-02809,0.44549108,0.5545089,1,0.5
C3L-02890,0.38435984,0.6156401,1,1.0
C3L-02899,0.45986813,0.54013187,1,0.5
C3L-03123,0.38408196,0.615918,1,0.5
C3L-03356,0.09140355,0.9085965,1,1.0
C3L-03388,0.18824397,0.811756,1,1.0
C3L-03394,0.6998069,0.30019307,0,0.0
C3L-03628,0.20008564,0.79991436,1,1.0
C3L-03630,0.09452645,0.9054734,1,1.0
C3L-03632,0.6168429,0.383157,1,0.0
C3L-03635,0.16448,0.83551997,1,1.0
C3L-03639,0.103879824,0.8961202,1,1.0
C3L-03743,0.29178658,0.70821345,1,0.5
C3L-04027,0.46928108,0.5307189,1,0.5
C3L-04473,0.7624924,0.23750754,1,0.0
C3L-04475,0.16365385,0.83634615,1,1.0
C3L-04479,0.60368437,0.39631554,1,0.0
C3L-04495,0.7096395,0.2903605,1,0.0
C3L-04848,0.18261924,0.8173808,1,1.0
C3L-04853,0.06939785,0.9306022,1,1.0
C3N-00198,0.69567907,0.30432093,0,0.0
C3N-00249,0.11326025,0.88673973,1,1.0
C3N-00302,0.11791752,0.88208246,1,1.0
C3N-00303,0.7881466,0.21185341,1,0.0
C3N-00436,0.49125844,0.50874156,1,0.5
C3N-00511,0.07720467,0.9227954,1,1.0
C3N-00512,0.7354853,0.26451468,0,0.0
C3N-00513,0.64156586,0.3584341,1,0.0
C3N-00514,0.12861489,0.8713851,1,1.0
C3N-00516,0.06872039,0.93127954,1,1.0
C3N-00517,0.7156435,0.28435642,0,0.0
C3N-00518,0.47925988,0.52074015,1,0.5
C3N-00957,0.4613758,0.53862417,1,1.0
C3N-01011,0.6625353,0.3374647,0,0.0
C3N-01012,0.1725487,0.8274512,0,1.0
C3N-01165,0.14065751,0.85934246,1,1.0
C3N-01166,0.24559024,0.7544098,1,1.0
C3N-01167,0.3482944,0.6517056,1,1.0
C3N-01168,0.5335046,0.46649536,0,0.0
C3N-01375,0.16221048,0.83778954,1,1.0
C3N-01380,0.6388124,0.36118755,0,0.0
C3N-01381,0.080055304,0.91994476,1,1.0
C3N-01382,0.44533005,0.55467,1,1.0
C3N-01383,0.08311939,0.9168806,1,1.0
C3N-01388,0.1407427,0.85925734,1,1.0
C3N-01502,0.76178813,0.2382119,0,0.0
C3N-01714,0.39433438,0.6056657,1,1.0
C3N-01715,0.18449375,0.8155063,0,1.0
C3N-01716,0.14910582,0.85089415,1,1.0
C3N-01897,0.23551898,0.76448107,1,1.0
C3N-01997,0.53870636,0.4612936,1,0.0
C3N-01998,0.6016265,0.39837354,0,0.5
C3N-02010,0.44359034,0.5564097,1,0.5
C3N-02295,0.8212012,0.17879878,0,0.0
C3N-02573,0.11274652,0.88725346,1,1.0
C3N-02579,0.35807988,0.64192003,1,1.0
C3N-02585,0.070138015,0.929862,1,1.0
C3N-02589,0.5463168,0.45368317,1,0.5
C3N-02590,0.46396056,0.5360395,1,1.0
C3N-02592,0.1259166,0.8740834,1,1.0
C3N-02768,0.48013145,0.5198685,1,0.5
C3N-02940,0.079096794,0.9209032,1,1.0
C3N-02944,0.10439219,0.89560777,1,1.0
C3N-02971,0.22256902,0.7774309,1,1.0
C3N-02997,0.2854955,0.7145046,1,1.0
C3N-02998,0.5715082,0.42849177,0,0.0
C3N-03006,0.22032256,0.7796774,1,1.0
C3N-03007,0.10664469,0.89335525,1,1.0
C3N-03061,0.07315214,0.92684793,1,1.0
C3N-03069,0.46027523,0.53972477,1,0.5
C3N-03086,0.15171152,0.8482884,1,1.0
C3N-03173,0.30897883,0.6910212,1,1.0
C3N-03190,0.09639403,0.90360594,1,1.0
C3N-03211,0.18614197,0.8138579,0,1.0
C3N-03426,0.36711997,0.6328801,0,1.0
C3N-03430,0.17532721,0.8246728,1,1.0
C3N-03439,0.115762934,0.884237,1,1.0
C3N-03440,0.52187204,0.47812796,1,0.0
C3N-03665,0.1393289,0.86067104,1,1.0
C3N-03666,0.08301992,0.91698015,1,1.0
C3N-03670,0.76321304,0.23678693,0,0.0
C3N-03754,0.07657849,0.92342156,1,1.0
C3N-03780,0.4845962,0.5154038,1,0.5
C3N-03839,0.10428587,0.89571416,1,1.0
C3N-03840,0.20114449,0.79885554,1,1.0
C3N-03853,0.08868624,0.9113137,1,1.0
C3N-03884,0.1804246,0.8195754,1,1.0
C3N-04119,0.15365434,0.8463457,1,1.0
C3N-04126,0.10464647,0.8953535,1,1.0
C3N-04282,0.06847964,0.93152034,1,1.0
C3N-04283,0.28535816,0.7146419,1,0.5
C3N-04284,0.74588805,0.25411195,0,0.0
